name,logo,slug,createdDate,opensea,floorPrice,totalVolume,totalSupply,numOwners,marketCap,hasReport,testResult
Bored Ape Yacht Club,https://lh3.googleusercontent.com/Ju9CkWtV-1Okvf45wo8UctR-M9He2PjILP0oOvxE89AyiPPGtrR3gysu1Zgy0hjd2xKIgjJJtWIc0ybj4Vd7wv8t3pxDGHoJBzDB=s120,boredapeyachtclub,2021-04-22T23:14:03.967121,https://opensea.io/collection/boredapeyachtclub,34.8,199534,10000,5727,430376.2434782609,true,topCollection200.md#bored-ape-yacht-club
Mutant Ape Yacht Club,https://lh3.googleusercontent.com/lHexKRMpw-aoSyB1WdFBff5yfANLReFxHzt1DOj_sg7mS14yARpuvYcUtsyyx-Nkpk6WTcUPFoG53VnLJezYi8hAs0OxNZwlw6Y-dmI=s120,mutant-ape-yacht-club,2021-08-29T00:41:59.548458,https://opensea.io/collection/mutant-ape-yacht-club,3.8,92942,16465,9791,76237.69750902527,true,topCollection200.md#mutant-ape-yacht-club
Meebits,https://lh3.googleusercontent.com/d784iHHbqQFVH1XYD6HoT4u3y_Fsu_9FZUltWjnOzoYv7qqB5dLUqpGyHBd8Gq3h4mykK5Enj8pxqOUorgD2PfIWcVj9ugvu8l0=s120,meebits,2021-05-03T01:32:41.897161,https://opensea.io/collection/meebits,3.85,73635,20000,5293,95575.73333333332,true,topCollection200.md#meebits
Loot (for Adventurers),https://lh3.googleusercontent.com/g-NFUWjS4IGgym8PHBxyhg5-G_B4x-IHgPKRkxo00JQFE3LOd-95yU2uhrokITVmV7KHEav6OMfAhfJ4roC5hwP-0tI9dMRd9wQLdw=s120,lootproject,2021-08-27T17:48:02.860636,https://opensea.io/collection/lootproject,3.5411,70296,7779,2533,34712.39297195122,true,topCollection200.md#loot-(for-adventurers)
Cool Cats NFT,https://lh3.googleusercontent.com/LIov33kogXOK4XZd2ESj29sqm_Hww5JSdO7AFn5wjt8xgnJJ0UpNV9yITqxra3s_LMEW1AnnrgOVB_hDpjJRA1uF4skI5Sdi_9rULi8=s120,cool-cats-nft,2021-06-27T09:03:35.403074,https://opensea.io/collection/cool-cats-nft,7.0,52352,9933,4929,83302.65870003078,true,topCollection200.md#cool-cats-nft
CrypToadz by GREMPLIN,https://lh3.googleusercontent.com/iofetZEyiEIGcNyJKpbOafb_efJyeo7QOYnTog8qcQJhqoBU-Vu9l3lXidZhXOAdu6dj4fzWW6BZDU5vLseC-K03rMMu-_j2LvwcbHo=s120,cryptoadz-by-gremplin,2021-09-08T20:07:14.086599,https://opensea.io/collection/cryptoadz-by-gremplin,4.32,43862,7025,3520,40734.56290609756,true,topCollection200.md#cryptoadz-by-gremplin
0N1 Force,https://lh3.googleusercontent.com/7gOej3SUvqALR-qkqL_ApAt97SpUKQOZQe88p8jPjeiDDcqITesbAdsLcWlsIg8oh7SRrTpUPfPlm12lb4xDahgP2h32pQQYCsuOM_s=s120,0n1-force,2021-08-15T14:16:38.196274,https://opensea.io/collection/0n1-force,0.99,43724,7775,4229,9310.75490313252,true,topCollection200.md#0n1-force
MekaVerse,https://lh3.googleusercontent.com/6CS0frnjPEpvJ8hE3OG6_TbJFEC5YYThnZMdLTTmW-Z91lyYAJkPA7-ou2uE-b_J-cBUBeqWkI4HYKHEiu2PAyCT6wkYKzoeCyuy=s120,mekaverse,2021-10-07T20:29:17.017760,https://opensea.io/collection/mekaverse,1.09,41083,8888,5154,13052.911483530304,true,topCollection200.md#mekaverse
Pudgy Penguins,https://lh3.googleusercontent.com/bcCd1TfusKK6wWjmshwmizmY9j7An3pp9kxopMxfIt-_I8WFnSIK-5gevOduoYK4Qpq2e3DyXgROKNfkP396W5ViEYXhxoyAZG3s_vY=s120,pudgypenguins,2021-07-22T12:48:58.239929,https://opensea.io/collection/pudgypenguins,1.3,41033,8887,4706,15799.159548860669,true,topCollection200.md#pudgy-penguins
Hashmasks,https://lh3.googleusercontent.com/6X867ZmCsuYcjHpx-nmNkXeHaDFd2m-EDEEkExVLKETphkfcrpRJOyzFxRQlc-29J0e-9mB9uDGze0O9yracSA9ibnQm2sIq5i2Yuw=s120,hashmasks,2021-01-28T15:01:12.705115,https://opensea.io/collection/hashmasks,1.1,39886,16382,5015,25167.378808108107,true,topCollection200.md#hashmasks
PUNKS Comic,https://lh3.googleusercontent.com/ejZNFaWsdUnmzbafD0TRf0RoIX9NiyaCRii_j7PhCnYa8CBW2SzGEjn3RDg4k3gYvFY8T5_cosCj7ozT69zELByZ5OvqoaWCi1LrJG0=s120,punks-comic,2021-05-11T01:08:43.634595,https://opensea.io/collection/punks-comic,2.67,38888,9216,3331,36625.78453447559,true,topCollection200.md#punks-comic
Bored Ape Kennel Club,https://lh3.googleusercontent.com/l1wZXP2hHFUQ3turU5VQ9PpgVVasyQ79-ChvCgjoU5xKkBA50OGoJqKZeMOR-qLrzqwIfd1HpYmiv23JWm0EZ14owiPYaufqzmj1=s120,bored-ape-kennel-club,2021-06-18T21:32:25.355263,https://opensea.io/collection/bored-ape-kennel-club,1.75,34777,9602,4915,20742.555465625,true,topCollection200.md#bored-ape-kennel-club
My Curio Cards,https://lh3.googleusercontent.com/xNW1W9O2CYUNGS2GeHqv9yHw-wLdSb9uVoc51TL5GSp8yvC2en45pqp5zYFHhRGHZpgHJdagD2QELXwpu01frltG7Nl055aVqDTDSg=s120,curiocardswrapper,2021-03-28T17:58:36.404282,https://opensea.io/collection/curiocardswrapper,0.398,32200,30,4334,22.689155357142322,true,topCollection200.md#my-curio-cards
CyberKongz,https://lh3.googleusercontent.com/LIpf9z6Ux8uxn69auBME9FCTXpXqSYFo8ZLO1GaM8T7S3hiKScHaClXe0ZdhTv5br6FE2g5i-J5SobhKFsYfe6CIMCv-UfnrlYFWOM4=s120,cyberkongz,2021-04-16T19:57:15.677123,https://opensea.io/collection/cyberkongz,6.83,31320,4188,1807,50572.61014936709,true,topCollection200.md#cyberkongz
VeeFriends,https://lh3.googleusercontent.com/5y-UCAXiNOFXH551w5bWdZEYOCdHPwbqmcKb-xa3uVQEjQgxvih3HtZWSmzqDqd0uk7kIqFrZhw32Gt6xPBFg4t_n9BKhpou-dwnOg=s120,veefriends,2021-05-11T18:22:19.398578,https://opensea.io/collection/veefriends,9.7,29437,10255,5059,131810.51825,true,topCollection200.md#veefriends
Creature World NFT,https://lh3.googleusercontent.com/PkMdNUr4UsEq5RLvAm721Ja5QGAijunAVDMz0hfRuyHQn853TRQzKL4aTFBgWPoy-nWlYA3hXzAm7flCmKn7Z9p2HN0GJxAtAixB4g=s120,creature-world-collection,2021-08-28T19:25:09.137211,https://opensea.io/collection/creature-world-collection,1.7244,25880,10000,5937,22352.404371584696,true,topCollection200.md#creature-world-nft
Somnium Space VR,https://lh3.googleusercontent.com/mzUNo5vk95qQfpAbXir0_6oJmZlyqnq_ix3BIjmfeVGrFPoxeAqf-vYHMvh115bSdJGxRtgGTWKldOzdJQGtEqGW=s120,somnium-space,2019-09-09T12:59:27.887680,https://opensea.io/collection/somnium-space,0.0025,24324,5609,2743,30498.902443749997,true,topCollection200.md#somnium-space-vr
Emblem Vault [Ethereum],https://lh3.googleusercontent.com/VkSY4QiLanH0h2oS37cjRAENLDLBqLKUX3YC4ZvdEW60zI9OXoRl4E9uR1x3d8hU8ekFai4Ruwq4FObZ0VH2NpU=s120,emblem-vault,2020-09-09T02:00:42.938798,https://opensea.io/collection/emblem-vault,0.025,23956,20327,4329,65024.865323181795,true,topCollection200.md#emblem-vault-[ethereum]
LOSTPOETS,https://lh3.googleusercontent.com/cGKkMxKQ-7J0A4mZvcPqr2LKvGqIVsXjzGqpfxRNb4yVr-zTycPJ0kznkwKqDyUTg--A32oW8cI32BQBl6hrbM-frn1__o544ECpCg=s120,lostpoets,2021-09-03T04:50:03.338901,https://opensea.io/collection/lostpoets,0.47,23595,27469,8851,20243.000441085107,true,topCollection200.md#lostpoets
World of Women,https://lh3.googleusercontent.com/I68L-_MThK4yUXXnUGnNJQBuAtu5w66mg-57ZzKOYDDVI6Y4-XbdMt3SbuVaEymUkoIgv9BdrNa1cbQPPaJKRgaEM9JqpywS-rW4KQ=s120,world-of-women-nft,2021-07-27T14:26:04.834925,https://opensea.io/collection/world-of-women-nft,1.649,23507,10000,4485,24266.231119791664,true,topCollection200.md#world-of-women
The Doge Pound,https://lh3.googleusercontent.com/uNkBbVvg7wyRjspsooFtYYbRHFHFISntxwijLRskjGhplP8A3Iz_4ApLU_yLp9BW-Ai0yUWC50A138IGUkII55QWRT7g12qmSRTlbA=s120,the-doge-pound,2021-07-12T20:21:03.766305,https://opensea.io/collection/the-doge-pound,3.15,21611,10000,5330,34672.54094071973,true,topCollection200.md#the-doge-pound
Bored Ape Chemistry Club,https://lh3.googleusercontent.com/Mf4vImKbzrJUcj7f7RZNOl9iZSEEJgkvpiUp9ugXc9dcpxFe6fvVgxYcRmTI1PnvfL_X1bD3mH4e66j6aJhqLEYm0vvpC8Jy8XJNZOI=s120,bored-ape-chemistry-club,2021-08-28T19:14:35.400797,https://opensea.io/collection/bored-ape-chemistry-club,3.3,21004,3,1707,14.499300000000002,true,topCollection200.md#bored-ape-chemistry-club
Cryptovoxels,https://lh3.googleusercontent.com/Jy6UrKMSi0e9w9jYtC1ON-4tOVXA1mXLk7XCLxvWEDuXeLFExJSYnw2DLAGtP3Ly98WJbrrFm6xEodcrpGnKB2tF=s60,cryptovoxels,2019-04-26T22:13:21.329117,https://opensea.io/collection/cryptovoxels,1.43,19684,5992,1613,13556.41960954152,true,topCollection200.md#cryptovoxels
Sneaky Vampire Syndicate,https://lh3.googleusercontent.com/adeDrvksEQYDG5HIqRYaQ76TiCJDRQpCdEwaIms1cKGNeFLaPB4zEMss7SN-N9pX_GdoAg2tO6TZ0dLOnEuWQ_XUbOF77lxuUan2ng=s120,sneaky-vampire-syndicate,2021-09-09T15:00:49.956702,https://opensea.io/collection/sneaky-vampire-syndicate,0.699999999,18268,8888,1796,8683.589312422908,true,topCollection200.md#sneaky-vampire-syndicate
Autoglyphs,https://lh3.googleusercontent.com/BX7cWHwWFzo6FVh-Ql_qzFbXtADQgLLlpLOl3l9tS6hUPlgtGHgHn_E1FxiHXmzNlvig00ZEAk9uZU-tMPT2Fg=s60,autoglyphs,2019-04-26T22:13:23.350126,https://opensea.io/collection/autoglyphs,299.0,17507,512,148,0,true,topCollection200.md#autoglyphs
CyberKongz VX,https://lh3.googleusercontent.com/vpJFZRfBl9ghj9IinaDB3w3xScD9AHwuXxpId50Yo80bw1Tt1BOhJg5pltBN-_wJwA0aCyHbcxIbXNnQ1cKd9xlc5ATdJUL4Yy3kDQ=s120,cyberkongz-vx,2021-08-15T19:00:24.764394,https://opensea.io/collection/cyberkongz-vx,1.13,17129,14007,3606,21571.68045,true,topCollection200.md#cyberkongz-vx
Lazy Lions,https://lh3.googleusercontent.com/kFZpw-bkoyH03qFbfqkwkkhHVxT7qclK_tYFmhU1K2HegU3v2wSMmhL6TIgw7Stx1KIoKs1sdJQ4My71ktXV7GygPBjaQZCACERt=s120,lazy-lions,2021-08-06T06:37:58.189522,https://opensea.io/collection/lazy-lions,1.0,16612,10079,4647,15277.092938551225,true,topCollection200.md#lazy-lions
SupDucks,https://lh3.googleusercontent.com/WNd3NNCiOAkD3rUNCau9qXDPQsnH3ZA8PcDMhlsfLnK6J1vSNpJnPFCjA-_l03LbCxwAYC1Mj8IcRQch7YMTDLnn_c-jAQ03RWRdEw=s120,supducks,2021-07-16T21:40:10.961766,https://opensea.io/collection/supducks,1.96,16302,10001,3187,21810.78086023635,true,topCollection200.md#supducks
FLUF World,https://lh3.googleusercontent.com/6A_zAw2qtq91-5x8yuJUwuV6ttgD2G__RWVApFWfUcH8Qb8oLhW3uP9MkonFAaHRnE4XodwYHCgESxQ3xdQlQrjTros61gPaG3qf2nQ=s120,fluf-world,2021-08-05T20:23:36.545766,https://opensea.io/collection/fluf-world,0.99,15599,9999,3408,13879.756885499999,true,topCollection200.md#fluf-world
GalacticApes,https://lh3.googleusercontent.com/fy46-MlNjZMR1NCTNAgmh9e97SNffpSBkwd0HpL9XTBfRt6-GvjTytWHoN9Pzmbw83TbRzo8nGgZ32QbVVMYnrmBb2vM6_6_3yXv=s120,galacticapes,2021-09-26T05:09:06.198522,https://opensea.io/collection/galacticapes,0.945,15075,9997,3442,12122.825828985508,true,topCollection200.md#galacticapes
Damien Hirst - The Currency,https://lh3.googleusercontent.com/Q3G1qQKz97idjTwIJB9Enz3D4LDvL_DbwnHCP9YgVjTL4TLh7tAWUwGLPExniqGlfgLXRX-bOHRgGOb7oNOAHoeQWz2-CPLwDuaHRw=s120,thecurrency,2021-07-30T11:22:49.094849,https://opensea.io/collection/thecurrency,5.3311,14493,1985,1543,11814.521499999999,true,topCollection200.md#damien-hirst---the-currency
Doodles,https://lh3.googleusercontent.com/7B0qai02OdHA8P_EOVK672qUliyjQdQDGNrACxs7WnTgZAkJa_wWURnIFKeOh5VTf8cfTqW3wQpozGedaC9mteKphEOtztls02RlWQ=s120,doodles-official,2021-10-17T13:00:47.419945,https://opensea.io/collection/doodles-official,1.0,14345,9998,4742,17280.779935723684,true,topCollection200.md#doodles
MutantCats,https://lh3.googleusercontent.com/Cg3lUE2P3X7MhSKMROVOjvHkeNw_IWvH8aEyyK3hi9Rxh9d4eyxR6u7KEwRcpBKYq00WPjyYRdyyIdal8TOvsAZfYbeH8IfoZRUw=s120,mutantcats,2021-10-04T22:43:38.516954,https://opensea.io/collection/mutantcats,0.869,13968,9999,714,11739.789853832395,true,topCollection200.md#mutantcats
Gutter Cat Gang,https://lh3.googleusercontent.com/gjOExI2qNNJuv6fo4hmHamRzDMRLkYPFQtK4d67GE3bgdVJCyZngUwY_h6qp9244pp7l_pF2JBHtOJ8cLgzFbulxMK-KqlZnu9E1sg=s120,guttercatgang,2021-06-08T19:31:45.216105,https://opensea.io/collection/guttercatgang,3.32,13932,3000,1696,11451.922886651633,true,topCollection200.md#gutter-cat-gang
JUNGLE FREAKS BY TROSLEY,https://lh3.googleusercontent.com/9ElHIcK8dZ3fOxLLVA1KKNuN7AVmNvFycX4jK3f_GvDhTrkCgh4hBJAiXGf8UsBSWlJU9lpSrtPtCfNHDp08ChZ7Tx_LDXbiT65t=s120,jungle-freaks-by-trosley,2021-10-13T21:30:42.670856,https://opensea.io/collection/jungle-freaks-by-trosley,0.7,13811,9998,5845,14018.667785346439,true,topCollection200.md#jungle-freaks-by-trosley
Official Wrapped MoonCats (Acclimated),https://lh3.googleusercontent.com/RwIPOH0RftzOWtyC0WBnMx2X4_4Xqeimk5iT6I1xNQKSuRTVNwBY0PcA6MkCiX2dVP5U_MDbseAq3LoaJ7BY_xyTfLpeUsGtt2-WTA=s120,acclimatedmooncats,2021-04-22T03:18:24.841043,https://opensea.io/collection/acclimatedmooncats,0.725,13456,18339,5039,20315.027994473236,true,topCollection200.md#official-wrapped-mooncats-(acclimated)
Galaxy-Eggs,https://lh3.googleusercontent.com/cK3uA0hH0MMdKWgMX24ZoIZh0_c_M0E1WRkSrFbsPQ3lDUsI14BAXyM_KRwPVG4Lh5NHczOtFLg3R31tUso_QJ1FwCNte2MQuwdfdg=s120,galaxyeggs9999,2021-09-12T06:55:38.768864,https://opensea.io/collection/galaxyeggs9999,0.29,13417,9999,5089,5303.722702638097,true,topCollection200.md#galaxy-eggs
Kaiju Kingz,https://lh3.googleusercontent.com/bQvXzE_Pn8SwA-xqlfhFKDRi_0QZn9uXDYkQ-E7-C-B6KXkg4-GkQuBOjanhLBqURzkdkEL7XbFrUz6ICD1l02TgN_2IB4HtHpAL=s120,kaiju-kingz,2021-10-13T06:13:46.161485,https://opensea.io/collection/kaiju-kingz,2.35,12596,3428,1766,16542.01610439793,true,topCollection200.md#kaiju-kingz
Koala Intelligence Agency,https://lh3.googleusercontent.com/Dnqld8Fr3HQPM-w5-IC1OdQbQj7Bx1dG7mmCnIKmRkw9ZZEu8lxQhgJiBsWF6v-DlT4LW4Y6toRZABz-zmPNFBuAmPVXwODg2A7E=s120,koala-intelligence-agency,2021-08-21T23:02:12.184307,https://opensea.io/collection/koala-intelligence-agency,0.124,12303,10000,4975,2354.8129580838327,true,topCollection200.md#koala-intelligence-agency
Anonymice,https://lh3.googleusercontent.com/308aB5WLnVeBKohs3RrlCwGqGyJuqZCHdWFQNKyGk2JEciYFWK8gYYFHUC8fFESnJbWx9RideuRZseLCzKkVc9jUoOg-xHazbA8cikk=s120,anonymice,2021-09-16T20:30:01.947029,https://opensea.io/collection/anonymice,2.5,12152,9998,183,31732.106854545455,true,topCollection200.md#anonymice
The Sevens (Official),https://lh3.googleusercontent.com/3oGYkOGNfaLbMoYoCRGjCQ8fVOjDHv8MUeyYsEVwvLk5Dq9th3FViK__TOx5kXUowWttT6RTFMHP0NiNzL86scSHK0aqR8nmN3Lx=s120,the-sevens-official,2021-09-03T17:45:42.486937,https://opensea.io/collection/the-sevens-official,0.23,11689,6998,4013,1316.1279067442713,true,topCollection200.md#the-sevens-(official)
Tom Sachs Rocket Factory,https://lh3.googleusercontent.com/dajx50F-VzEd3YeUMmZhKWPy42X7vq0d4Emqe7BB2c5XDYToFgpbi_VlmpHMofZJ6RVi7VEJ-G_WAH3D0MN48fAmAV0Uq2S1iY_yAQs=s120,tom-sachs-rockets,2021-08-01T14:04:31.640428,https://opensea.io/collection/tom-sachs-rockets,1.9,10880,2048,523,5966.506666666666,true,topCollection200.md#tom-sachs-rocket-factory
Adam Bomb Squad,https://lh3.googleusercontent.com/AFLfluhz2BbvfAUDmTdZzZKvF-wETqzYFZUefPJIw9tO9uXiqftaznKxpgUobXFQqpmG5n2tgAvjbSycubZZ7E89D4K8QbzIFtGWCkY=s120,adam-bomb-squad,2021-08-27T06:34:50.869077,https://opensea.io/collection/adam-bomb-squad,0.11,10771,24999,7905,4184.01081626086,true,topCollection200.md#adam-bomb-squad
The n project,https://lh3.googleusercontent.com/rOLWXiow7qkegT4oWCZ6FbWQ4cS93LofGsTbfdv2__OKpK9NUVQGY0smUytISRGAp4B7iODaJ4lsK25FtHCLdeUMX5QHYgE79HrmDQ=s120,n-project,2021-09-03T15:29:35.450281,https://opensea.io/collection/n-project,0.3,10280,8888,2879,2505.9710978531075,true,topCollection200.md#the-n-project
The CryptoDads,https://lh3.googleusercontent.com/bCRkBQhdaKCuZz-8v9fjSJU4UmhukzrsJPmJpmJLeWJ5ELjYvtJnRuuZDNq1Wa1skELhFp_3R8KZuQRkBn6ySpyc0-0jVXEcD41HyPk=s120,thecryptodads,2021-09-08T00:17:29.318131,https://opensea.io/collection/thecryptodads,0.37,10161,9999,8401,4558.038371930322,true,topCollection200.md#the-cryptodads
The Humanoids,https://lh3.googleusercontent.com/elwah9Kx5Dlurgx8rFhH10p-Xgzb0xu-R3893NZLEjLbUWO5i-aRXhbAoRndnL9PvOz9KFQmve3RdCM6H428FVpdD-oLvufOw31OMg=s120,thehumanoids,2021-09-29T05:40:44.135654,https://opensea.io/collection/thehumanoids,0.35,10087,10000,5299,4747.77602656248,true,topCollection200.md#the-humanoids
PEACEFUL GROUPIES,https://lh3.googleusercontent.com/cG9j3L8r61_Y5VKNUE3pfHnWPWPNt1ld8Zmyyslx6VV_54-ffsRAuYCg838IhOuek9cL5bHahpgj10ugtKkomDqFOuBAhcIxemow9w=s120,peaceful-groupies,2021-09-13T15:43:39.931588,https://opensea.io/collection/peaceful-groupies,0.55,9995,9998,3665,6931.006231432689,true,topCollection200.md#peaceful-groupies
TIMEPieces Build a Better Future: Genesis Drop,https://lh3.googleusercontent.com/Dgjo2lwkH73btc3f-THAIuSdv-MdmszkHeMJHRrFdX1-xK1XBp9EnqQQ4hjRh_A-CVX_zjFshgUEswPyZ3w08YZar908sDEP84q7=s120,timepieces-build-a-better-future-genesis-drop,2021-09-22T15:27:04.752902,https://opensea.io/collection/timepieces-build-a-better-future-genesis-drop,0.2499,9461,4668,2556,2152.5264260869567,true,topCollection200.md#timepieces-build-a-better-future:-genesis-drop
Animetas,https://lh3.googleusercontent.com/Cc3FG95r-fF8YJVYJ3OkTFCE8jLIY5yECF0Tlum7DckaYC2ZA8hKvm_eD3siPrQS8LoYpUccjbnYCXm_Cj7myBgeAbUwCnJ5XSGf7Ws=s120,animetas,2021-07-30T07:28:13.340236,https://opensea.io/collection/animetas,0.24156,9275,10100,4025,3643.216376811594,true,topCollection200.md#animetas
GEN.ART Membership,https://lh3.googleusercontent.com/FDgTn1JXC1UKsPeaBJCrnEPscNhfOa_QLpb-bD2nN8Lrd8bXJG495TRnRnwypF8ym6lMYud5QKNaxM-MVk20nZcvcAtCTcP65rVn=s120,gen-dot-art,2021-08-27T12:20:51.628868,https://opensea.io/collection/gen-dot-art,0.35,9212,5100,2316,2201.3494285714287,true,topCollection200.md#gen.art-membership
Blitmap,https://lh3.googleusercontent.com/N61iOqLx-qWAjIqVet9L0Fx-tWrgr_Jn6hdlyke23nnRdkRqDeE8Htz_BVjlOJ7KxEfB3KyujldKWnQg0bDao-Y1zyEJnogKtvaf=s120,blitmap,2021-05-15T13:03:02.622042,https://opensea.io/collection/blitmap,9.5,8992,1700,579,13741.666666666666,true,topCollection200.md#blitmap
Robotos Official,https://lh3.googleusercontent.com/5PO4I0APxP3xVDiOlSWewhb7iVf5Hnp5trQ22EVCAiKkSAnBTu0u1W6UgELpQtxr0LQz4rfNaScadZ4279naNCd6rXzewLIRrfEa=s120,robotos-official,2021-08-03T02:29:09.783068,https://opensea.io/collection/robotos-official,0.4,8935,9999,5137,6137.448006260266,true,topCollection200.md#robotos-official
Rumble Kong League,https://lh3.googleusercontent.com/x18rNFBg9leLL9TtHkhhiC8cwIurh1UhMKU6TL_JMbGyUsY8MTMhyPiz8Nz7VRJHShEgIQlCP070UB9gGWvJ05ST7IclovIWnwAUww=s120,rumble-kong-league,2021-07-27T20:54:47.143735,https://opensea.io/collection/rumble-kong-league,0.599,8910,9998,2836,9991.665618171459,true,topCollection200.md#rumble-kong-league
The Wicked Craniums,https://lh3.googleusercontent.com/e5s2WcnoPKpVZ4MxRA6v1IYPcCmC_3LSDCTI-Cp_pAxu_J81v0iQUiOByr5gLdQjM083RHQZd_izPmTeB1w2P9r8YmjxHNJNRi4RRw=s120,thewickedcraniums,2021-06-14T08:13:30.005887,https://opensea.io/collection/thewickedcraniums,0.1485,8711,10761,3239,2408.5448964594425,true,topCollection200.md#the-wicked-craniums
GEVOLs,https://lh3.googleusercontent.com/OTDjmnVT7QPTL34yIH6_RmE_rw8azzDhTsRD_a6HDw_X-bt73Km0htl9LZNLSE4VelZpUeYEOnBw6OIQP9hdUt_NUgkwdc5N097_Kg=s120,g-evols,2021-09-01T19:37:45.327330,https://opensea.io/collection/g-evols,0.199999,8247,8888,3441,3062.169942857143,true,topCollection200.md#gevols
The Vogu Collective,https://lh3.googleusercontent.com/4kPtQ8iep2Sw8MEV8TLfGuDsX0ql5pfniHZZGpwx3jp9D2ZRCE0coFxagGrhFH0sfVUezN1O-aRy9SZDong-N0RNsHgCg2rvX7LSJw=s120,vogu,2021-07-26T19:54:04.475129,https://opensea.io/collection/vogu,0.14,8038,7777,2803,1881.3286441860466,true,topCollection200.md#the-vogu-collective
Winter Bears,https://lh3.googleusercontent.com/NJ613MnyWIT1f_IHi6_YCWrvaF9teraLbyAfhI7OQ17lfOuD5NOAnnu8vTzWv83d5iNcvK7YDpXh4mO1cbGEuNIYnNWlwXovpsOPOw=s120,winterbears,2021-09-19T11:02:00.135164,https://opensea.io/collection/winterbears,0.185031,7849,10000,4609,2931.771095560468,true,topCollection200.md#winter-bears
Vox Collectibles,https://lh3.googleusercontent.com/2QUNq1tqWDePg7jCqM7usnLNukDRTUc33VgVLkBYry4VKkess3MgRGw5fpz3qD5i2shfuyWdJH8Z8lWWyn39YcfeOMz7SjScZXnL=s120,collectvox,2021-07-30T21:52:12.603912,https://opensea.io/collection/collectvox,0.35,7745,8888,3127,8604.281687493427,true,topCollection200.md#vox-collectibles
FVCK_CRYSTAL//,https://lh3.googleusercontent.com/UiZmYgnMO_AEn8cQmUSOcqCT1mP4XF7zupkJpQtwNS3rMCzJlGsQH1I22tsUWvkDqCYISpIEHGuKzibepZIYLVNRDBAFigyivmA34cI=s120,fvck-crystal,2021-08-08T20:13:59.595733,https://opensea.io/collection/fvck-crystal,1.84,7664,4169,1991,7022.614913273751,true,topCollection200.md#fvck_crystal//
THE SHIBOSHIS,https://lh3.googleusercontent.com/9G_SbzGpWnId_ouP-rsTfv1UIeSaaayelyZVyo7eVETYp2uDXDXeH82Yvw4AchRHuKSrixHhGQ7ri5UUepQLaK9BpwhMH1yjImnXHA=s120,theshiboshis,2021-10-14T21:36:44.774124,https://opensea.io/collection/theshiboshis,2.0,7401,10000,3585,18804.43974721572,true,topCollection200.md#the-shiboshis
Wicked Ape Bone Club,https://lh3.googleusercontent.com/9iyOMtorKXUKUoyziaFWVtsknjn196kRdDAomZmo16leAqDzJqFIuL64Mxyv5nZP2CATpV57qeddDWuP4YW7RNQCK2c7Rzu_AXF-Qw=s120,wicked-ape-bone-club,2021-08-14T01:22:31.901983,https://opensea.io/collection/wicked-ape-bone-club,0.1398,7377,10000,4624,2582.6024764415515,true,topCollection200.md#wicked-ape-bone-club
BASTARD GAN PUNKS V2,https://lh3.googleusercontent.com/-_j_RMVSqfDvPfRJhF3BQaf6D3OD31sG6d5pszei8a5V31EKr4Jz11xk-0iAnG4vTKwvhNPx2ICn4r25tbEtQ36EYJRdxlczuppUwg=s120,bastard-gan-punks-v2,2021-03-07T12:04:21.105195,https://opensea.io/collection/bastard-gan-punks-v2,0.198,7286,11304,2885,3151.850086956522,true,topCollection200.md#bastard-gan-punks-v2
DeadFellaz,https://lh3.googleusercontent.com/seJEwLWJP3RAXrxboeG11qbc_MYrxwVrsxGH0s0qxvF68hefOjf5qrPSKkIknUTYzfvinOUPWbYBdM8VEtGEE980Qv2ti_GGd86OWQ=s120,deadfellaz,2021-08-13T14:30:12.621434,https://opensea.io/collection/deadfellaz,0.59,7140,9997,4958,7256.864153637324,true,topCollection200.md#deadfellaz
Metasaurs by Dr. DMT,https://lh3.googleusercontent.com/xvqA-v_fQM5TE3CmJIpSTdFu4cmTeVpwRWeuLf4VdTBW0_ji9K91BirQWcshvGqlCAyMSwrrp8e-JSLp5YUHErAak0l3kXYBOdKfQak=s120,metasaurs-nft,2021-10-12T20:57:06.898207,https://opensea.io/collection/metasaurs-nft,0.3798,7070,9999,5910,5476.3429091655025,true,topCollection200.md#metasaurs-by-dr.-dmt
Neo Tokyo Identities,https://lh3.googleusercontent.com/MpVB_fMVj64RvgqdPhbVOuul-QLYrYVFqd65_0hqTTvrHGl_foGn-_NIz7YU5P74oCNIk-CyFi5hb2EqKpb2w-cKZ58-Ds2mqfGPcZ0=s120,neo-tokyo-identities,2021-10-04T15:14:32.376341,https://opensea.io/collection/neo-tokyo-identities,12.5,6911,2018,1926,29927.102101639346,true,topCollection200.md#neo-tokyo-identities
MetaHero Universe: Generative Identities,https://lh3.googleusercontent.com/cyJeHA0Oo-KveczexdimAxDHTCtmvApkn2SWFhq_QmU4CotxW1uCRp-rBydovapL65kG5geRCrGZts74o3eZS9VONQ6549A4DIMCjg=s120,metahero-generative,2021-09-05T01:21:18.467704,https://opensea.io/collection/metahero-generative,3.15,6888,5751,2951,19552.5613125,true,topCollection200.md#metahero-universe:-generative-identities
Stoner Cats,https://lh3.googleusercontent.com/7KkOAh6-6ORJVtcprl2iyvyJBuvk2UWuXdimcH7w82wRUPW4DsOtHmuptg7S9BsOlRQhhU2m6z1ec5ZnWhvFY05L1tpSUUIh35Q9=s120,stoner-cats-official,2021-07-26T10:13:54.184055,https://opensea.io/collection/stoner-cats-official,0.275,6863,10419,4795,3619.396162452269,true,topCollection200.md#stoner-cats
Cupcats Official,https://lh3.googleusercontent.com/EbapDblwqJJC9Gn9ryl4AJwIfdVvStnBPtY1BQ0IxsWutLgWfP0W5jiJARG_SbNcLQd9JMWuGymUnENciD9m-eTcYFNm2fdoBtgWw94=s120,cupcatsofficial,2021-09-18T16:09:08.583175,https://opensea.io/collection/cupcatsofficial,0.3569,6740,5006,2061,1930.1117815315315,true,topCollection200.md#cupcats-official
Deafbeef,https://lh3.googleusercontent.com/uheZXqcvxP_8TK7FzP7skUSNh3njmVStcqyLYkCnYPjb5c3enWOS88IAOTf8vdF5y4-vE7f0BQPHnEsVqjq0pD2QKLFugGZOdXUI=s120,deafbeef,2021-03-12T18:06:34.679203,https://opensea.io/collection/deafbeef,66.66,6439,221,101,15341.82,true,topCollection200.md#deafbeef
dotdotdots,https://lh3.googleusercontent.com/lIo17HAEF8FwPEJZOD9xg-SLk9hAcDc0sjiviGY63KR1py7BGd78Xpv_SIPfhCINZq16pF-rlwfTuq68dvuL7uhCU_FPKLnT16oS=s120,dotdotdots,2021-08-31T16:56:52.459153,https://opensea.io/collection/dotdotdots,0.1995,6211,4459,2313,1227.9788733333332,true,topCollection200.md#dotdotdots
Al Cabones,https://lh3.googleusercontent.com/WP9U27xc_H2ij7OIeg8SLIvXvwJk2WVv7eoBTgAr4B_yxiLQVKwK8KvxBcYbWrgi1e62creSb1rSsdrB7wvJQS1d3Wz7VgpFxqUzgw=s120,thealcabones,2021-09-04T15:32:33.738062,https://opensea.io/collection/thealcabones,0.02,6008,10000,3606,647.1794871794872,true,topCollection200.md#al-cabones
Habbo Avatars,https://lh3.googleusercontent.com/dRW4W1fmU2Q2lhWe2opxwZCEk_eMVpOfoAjGSGzzdDFqjIL_3VyoabmDyI4256uGfX11rWT4GYmmHB17FSty-yNDVT4X6BvPNostpck=s120,habbo-avatars,2021-09-24T13:16:38.017224,https://opensea.io/collection/habbo-avatars,0.219,5930,11600,3510,3471.67209971909,true,topCollection200.md#habbo-avatars
DystoPunks,https://lh3.googleusercontent.com/PLYU9yiTsBDKaCm84jqVS-CEh3k8Cc1b_--I31nB9TDWOuQWVLsnQsgcBGjbeVlAe-wvRAefW2R5Hxe7VoWFudKJPMa1OstQKFH0Kg=s120,dystopunks,2021-06-20T21:01:12.215286,https://opensea.io/collection/dystopunks,2.9699999999999998,5726,2077,667,7503.548228571428,true,topCollection200.md#dystopunks
SpacePunksClub,https://lh3.googleusercontent.com/5TNGdEVIhc7JHuYrEfAEC5uqv18Y9VQdVItFlpV0OC7v7p2ayOZCbPuu7RKA9MAKGlsLjQizwWMmrkKeKRdoEgR03YsRmjreTMmd=s120,space-punks-club,2021-08-15T15:22:08.324911,https://opensea.io/collection/space-punks-club,0.177,5695,9994,4552,1918.1289872222223,true,topCollection200.md#spacepunksclub
CryptoArte,https://lh3.googleusercontent.com/JySahZaeN2tGy4aTvzfdbRGv9qizz8-7F-s3iJ_pbhUZ9KJceVnoW1c_V2IZq5dSK_9h_FgrTv_HF2MA2s8PXqg=s60,cryptoarte,2019-04-26T22:13:09.288981,https://opensea.io/collection/cryptoarte,0.165,5685,9894,3337,3482.253524347826,true,topCollection200.md#cryptoarte
Meme Ltd.,https://lh3.googleusercontent.com/PdnY4O8jliS51Gc085XSCSKSSErTuxY-qYKK1P9OmnmmU7wKC_u26iJQk76pXpI9zYMX2JgBlYJl6cDkUBEys4zR=s120,meme-ltd,2020-08-26T07:03:43.392725,https://opensea.io/collection/meme-ltd,,5440,524,8072,324.41456470588236,true,topCollection200.md#meme-ltd.
loomlocknft (Wassies),https://lh3.googleusercontent.com/hak-BBigL52sS3OO2zyQ7X5BwOWmEiGFdCY6wur0HbNCpYTfAUz5_1CLD8fdhjwZrGBvG4TvzrqzZWtf8jqIxgDv2cIxoEqt7MGfyg=s120,loomlock,2021-09-22T23:40:47.337198,https://opensea.io/collection/loomlock,0.379,5429,9546,2735,4801.695545016816,true,topCollection200.md#loomlocknft-(wassies)
Incognito,https://lh3.googleusercontent.com/sHyz2T-PC-AEQq4XBngobgUVX5EWUe72sH2dgfcthwps3aLRP0OOhuRfidzyTrVy0WwxzZbJuTZy-TxIvUkj5zR0e0vVnf_BbkQ1Hw=s120,incognito-nft,2021-08-13T18:30:10.502949,https://opensea.io/collection/incognito-nft,0.087,5302,9995,3295,1508.2777419354838,true,topCollection200.md#incognito
The Mike Tyson NFT Collection by Cory Van Lew,https://lh3.googleusercontent.com/X3xLlGYeT63D8KKIHEwOIPIBCqXqvwQoBZIYIGFheGS1S6bI-E6idzG4rNcJ-H-ox3KiJX4kf3ByIAf7WNgrYeFwPJNB-3J9yj9qpA=s120,the-mike-tyson-nft-collection-by-cory-van-lew,2021-08-19T19:44:33.793283,https://opensea.io/collection/the-mike-tyson-nft-collection-by-cory-van-lew,0.2888,5268,531,751,184.5710159452342,true,topCollection200.md#the-mike-tyson-nft-collection-by-cory-van-lew
Lonely Alien Space Club,https://lh3.googleusercontent.com/oSfF6-Rq1oT4jdKvaQUGSo_7vTRkUc2UdpTOnd0EQMnFA5d7T63l_0QnOfLzcBItp79r3Iczt1qiHAKhZ9o_L5ZBR_IYIh4hE9asmKQ=s120,lonelyalienspaceclub,2021-07-16T10:52:45.030093,https://opensea.io/collection/lonelyalienspaceclub,0.069,5214,10001,3754,1202.401478125,true,topCollection200.md#lonely-alien-space-club
Sipherian Surge,https://lh3.googleusercontent.com/-V0eEOrC5W9AcbS_tvv_Ew9zp-Gf5WLS0WNdBGhd2b9CKVjO2IMDUsbN5uEzwxRuLpR_AiUU_TDfANQuh9uO-auOxW5Cdu435MFcKg=s120,sipheriansurge,2021-09-06T15:55:37.695271,https://opensea.io/collection/sipheriansurge,0.29,5115,9999,3467,4899.915831298932,true,topCollection200.md#sipherian-surge
Forgotten Runes Wizards Cult,https://lh3.googleusercontent.com/rfEd3YcRfS8Hk8YcZjD20Vrqu8XTazvnzklVN9pUcROrwhoLO8RbP0yiBQuemgGPpWMgEDGU7qO164x42GRn60Xv6aeFbdZkttzBjx8=s120,forgottenruneswizardscult,2021-06-29T10:49:13.763292,https://opensea.io/collection/forgottenruneswizardscult,0.9,5004,9625,2451,10970.58701742954,true,topCollection200.md#forgotten-runes-wizards-cult
Gambling Apes,https://lh3.googleusercontent.com/L4UK_wLnVUUL1BPUgex4ntWhS-IREHFKR6nxqFrxervu7iumFc9Za6cSVK6o8wGfPlmLpIFgzLHsq432a9_SMT7y2LXVTpbDwNkvFQ=s120,gamblingapes,2021-09-05T13:50:53.810767,https://opensea.io/collection/gamblingapes,0.36,4907,7775,3566,3232.971484254687,true,topCollection200.md#gambling-apes
HeadDAO,https://lh3.googleusercontent.com/JRXwsJJ0RexPHPd1jQf88efrIsepmn6URx9GyTGd9pba6S-7xJj3fXh5uIdeKjbi2AkBS-8Gsp1gU-LKIOhfi8Z3zYH894bN0yofxhk=s120,headdao,2021-10-17T21:57:12.095051,https://opensea.io/collection/headdao,0.443,4900,9999,1783,6229.520685372089,true,topCollection200.md#headdao
Party Ape | Billionaire Club,https://lh3.googleusercontent.com/XuNPbnt2IMjSrzmTEd8aZZyJRh2KQr2kauOB0IlvCcoPPzS7vSLvYzbDzVDFZS5M7aMIjyJ5FSf1zO8Y5k3NZvrLu4cqoWjlMAxe=s120,billionaireclubnft,2021-10-14T20:49:30.619491,https://opensea.io/collection/billionaireclubnft,0.57,4887,10330,5364,9021.71554274837,true,topCollection200.md#party-ape-|-billionaire-club
Galaxy Fight Club,https://lh3.googleusercontent.com/AG-bMrIZAa8Gby3GSuacvR7KWfD3AIvFD1H7r9-3z_iIm1GI9n6NBt573G_xeQq-RggWtmJkU27wLX9sE_ZJViL-wFpd88y8ewjT6g=s120,galaxy-fight-club,2021-08-02T15:51:00.852429,https://opensea.io/collection/galaxy-fight-club,0.54,4875,10128,2465,6461.878974967742,true,topCollection200.md#galaxy-fight-club
DeadHeads,https://lh3.googleusercontent.com/m4u8qv8O3DsDz9pZo1_jAOBD9p67j5KoSTcgVy2JwfuDI1Bw309v0bPUwAKlJqpsUem1tzEZmqfeXMn1ZgIXBGdzzEBuyaSuPYi38A=s120,deadheads,2021-06-30T03:04:05.461379,https://opensea.io/collection/deadheads,0.23,4863,10000,3318,3143.178368996752,true,topCollection200.md#deadheads
BullsOnTheBlock,https://lh3.googleusercontent.com/_NtqXix6Pg4hOouZyg8n6BpC5fHwQ-xEzoEo_XbFFJYWg0GtpfpDZmnt94z9cgNBluRHHTAikPLrd8r6QIRqkx8Sv8MWts8Di8JD=s120,bullsontheblock,2021-06-27T16:45:51.257870,https://opensea.io/collection/bullsontheblock,0.119,4782,10000,1759,1878.7142857142858,true,topCollection200.md#bullsontheblock
Capsule House,https://lh3.googleusercontent.com/jzt7Uq5x6lN4PsVC9R_AU2RUujBEw1Pfe6ygJbKc4YRR9r6c8x8dFmh-hYarCcmVQfvHJMjNUKR2tN4g96Tmv-3YyxyQspva78GWZg=s120,capsulehouse,2021-09-28T04:59:44.631052,https://opensea.io/collection/capsulehouse,0.22,4773,10000,3001,6553.59296875,true,topCollection200.md#capsule-house
REMIX! by APE DAO,https://lh3.googleusercontent.com/oJecoeoh-bK7u55-FI1DDci9kit6ZVu7LZ6STFR2Op4WEyZ605Ak_auhVn-2UcC485mw0WXSE8JR4b8zUtz7KkCob7mp-ARQ22Sa=s120,ape-dao-remix,2021-09-16T07:39:51.225569,https://opensea.io/collection/ape-dao-remix,0.14,4772,5550,2619,1280.5776971466898,true,topCollection200.md#remix!-by-ape-dao
Avid Lines,https://lh3.googleusercontent.com/csTwo6-qkzy2jje1WWJQI-T0Eto5EL356rXF02QnaOcaJl1jc7na1K4kpCtAf9HHqP2tXfqxaR5y5oYRQG9VnHzkWscCIEN9FVHhoy0=s120,avid-lines,2021-07-20T22:14:47.310502,https://opensea.io/collection/avid-lines,5.9399999999999995,4723,500,269,2500,true,topCollection200.md#avid-lines
The Yakuza Cats Society,https://lh3.googleusercontent.com/8etOAMuHy_ShLCXQlnq9tAnrYuQWYFzsy2CZTJgZSvCvZ0qVXxtuGtn67NMJ9o7rr_QDrtISgPOg0yQn-v_z6aqbdtZs7TXRNG-VRg=s120,theyakuzacatssociety,2021-09-27T04:18:21.211731,https://opensea.io/collection/theyakuzacatssociety,0.23,4610,8929,3608,2805.8103217818184,true,topCollection200.md#the-yakuza-cats-society
Boonji Project,https://lh3.googleusercontent.com/M5eV3dgE01GIJbt7VZ-Vx4B2Xo42RaFXGT3R-ynrwmrqDEAoq1MacTZlRgYuSPHk6jD73X1l18H5CIg0ZPy7xUSA-p_1GsSWQT9cLuQ=s120,boonjiproject,2021-10-20T17:59:49.601337,https://opensea.io/collection/boonjiproject,0.28,4518,11111,6095,6953.5888617472865,true,topCollection200.md#boonji-project
Monkey Bet DAO,https://lh3.googleusercontent.com/16TrsPU1_FWXMd1byF-z5kAEbjQOIgenS6TPJWiEgJePJ7MyOPr8HTIFFbbd47sPouGuVJzbmwRI1W5WK5T5gepgmb3crO-Dw49QDA=s120,monkeybet,2021-08-28T14:10:40.164023,https://opensea.io/collection/monkeybet,0.25,4413,10000,3213,3320.6438356164385,true,topCollection200.md#monkey-bet-dao
Async Art,https://lh3.googleusercontent.com/GHuVPCTdGQZvPQc-Q8sSDXkNg_RepaUOZk5J6cU9AKzwfABb2lOkA3pB_5i_CJPDzmzrRchZtZdM5zNrxaN40HY=s60,async-art,2020-02-23T08:13:57.798432,https://opensea.io/collection/async-art,,4346,3198,896,1576.081,true,topCollection200.md#async-art
Playing Arts Crypto Edition,https://lh3.googleusercontent.com/r_FjOKuJFPK8u1m80r_N2HoX_fOjv8cjBPjfHLUQPqCNZfRd4WvjaUY9UdUTr6p4dUokE0m8_z6dTYoLMmIpaWmeSoOU9MDkcEBDwA=s120,cryptoedition,2021-08-19T08:54:51.079145,https://opensea.io/collection/cryptoedition,0.06,4345,7830,1525,1975.0107272727273,true,topCollection200.md#playing-arts-crypto-edition
Fang Gang,https://lh3.googleusercontent.com/8BXgxA6u8FGDObMKsl2ScugOEv05jkF1aij8BlXs9H2_DaVYTMf3mTPa1vGFCX2vLD2EKC879xhiXt6iJEh6xK560dCCwKwMXatYRjI=s120,fanggangnft,2021-08-28T15:57:18.777956,https://opensea.io/collection/fanggangnft,0.0657,4270,8888,4111,1117.085811111111,true,topCollection200.md#fang-gang
Voxies,https://lh3.googleusercontent.com/2wMNoHCnxCHOZEqeCeBj9CT9atRLOVt7Gl6Oh0Rw_TIDxx7tNes9Os4xWT7V_9iDOLMdmhUPG6MUySmbggCTEaYsdIWUO8RnsBMt0Q=s120,voxies,2021-03-29T04:08:28.050626,https://opensea.io/collection/voxies,0.48,4252,10000,1579,10169.331530612244,true,topCollection200.md#voxies
Gutter Rats,https://lh3.googleusercontent.com/Xz4jA8j-PDDJK_THGjYhEire5ZsE4dXKZSMqxW5Dut0H-mgNiEasEm6-C4EnwVhZ5J9WHqBG9zT14gF7XnlGjMBqzhP66UmZq7V_AQ=s120,gutterrats,2021-07-10T17:30:10.043466,https://opensea.io/collection/gutterrats,0.540441,4115,2984,1742,2280.3396444444443,true,topCollection200.md#gutter-rats
Eponym by ART AI,https://lh3.googleusercontent.com/-dTDrhe_0fluAn7qP4GNHFZ2h3dL4GFdp_bkBwo-YSk5NljVuf2fQ1Tw8dTNol5_a86S95Msw9PbRmaaZcFKUGCZ_TkIec5My48_JAE=s120,eponym,2021-10-10T12:21:12.387150,https://opensea.io/collection/eponym,0.58,4010,10000,3461,6155.7498295502055,true,topCollection200.md#eponym-by-art-ai
BCCG,https://lh3.googleusercontent.com/lcpoI_5KaLJO8LA6Y0dx42FyTOvZne-tW4EKtoD9UdL6Vdk2UANPwo531EWSslwySarGdu3C9shBAJQsyhoasCa1=s120,bccg,2020-10-31T13:05:53.321580,https://opensea.io/collection/bccg,,4006,53,1764,0,true,topCollection200.md#bccg
The Superlative Secret Society,https://lh3.googleusercontent.com/KXiwhGlX-mGtcqDt1OYoWoZWa7kPvaKNx3g_ZJGa34SGz2H1FmH7NWqJTGWVftAECvz2H89QiNpmlQ6gzqN_vMjgkp6FzU6pRNfg8g=s120,superlativesecretsociety,2021-09-15T12:04:32.313475,https://opensea.io/collection/superlativesecretsociety,0.29,4000,11110,5732,4785.181434821402,true,topCollection200.md#the-superlative-secret-society
The Official Surreals,https://lh3.googleusercontent.com/5TNn5wVTyXOPVbC_BaCdHGYahiptP84lpb3F_nTdeXL8hFx5rdxwlj-cOPjZ3pq_WLbLxHErSyu0uDV8ybgQFZJMLOgRPUdkNUX-Aw=s120,official-surreals,2021-10-01T19:00:54.826241,https://opensea.io/collection/official-surreals,0.073,3945,9999,4924,1653.078646894737,true,topCollection200.md#the-official-surreals
Dapper Dinos NFT,https://lh3.googleusercontent.com/epJWVSnNq_1vN_May9EpOVGNUmfIHQ3hkgqv98dqGI8A9QjB4LhGlvqr3hAzjXozHUxe-Du7ZOBDY1ycZAqXHQO0pUzwVjiDkj3NKA=s120,dapperdinosnft,2021-09-14T03:18:58.544253,https://opensea.io/collection/dapperdinosnft,0.159,3893,9926,4695,2621.911315525808,true,topCollection200.md#dapper-dinos-nft
CryptoDickbutts,https://lh3.googleusercontent.com/vw-gp8yUYkQsxQN5xbHrWEhY7rQWQZhIjgO2tvLxu46VY6iwulwWZt5VFS2Q9gy9qJaiJk8QspZs0qaM9z1ODeIyeUUseABOxdfVrC8=s120,cryptodickbutts-s3,2021-07-28T17:36:48.123309,https://opensea.io/collection/cryptodickbutts-s3,0.543015,3860,5200,1470,5245.658494594594,true,topCollection200.md#cryptodickbutts
PEGZ,https://lh3.googleusercontent.com/KOoa54TOMeHJPH6jntse0DhFOSoWhCefX8k7E0iS4Nrg0snkJz48JMy6LCXSUCjI1s0dFpQoWNTEBHVY4xBhysu0I0-ezu14Z_AL-g=s120,pegz,2021-06-04T07:14:33.439143,https://opensea.io/collection/pegz,88.88,3859,103,56,0,true,topCollection200.md#pegz
Ether Orcs Legacy Page,https://lh3.googleusercontent.com/Pd-p_2lBcIQM23ChsDcMNIA1ES_3ATMIzeazRSHS9IyvqHdDK6INESgDYd2FyoFGNJKDJC20USkgU9WKyRNiG_fgYQryiR_iB-_piA=s120,ether-orcs-legacy-page,2021-10-11T11:30:58.027214,https://opensea.io/collection/ether-orcs-legacy-page,,3768,2230,9,0,true,topCollection200.md#ether-orcs-legacy-page
Fortune Media,https://lh3.googleusercontent.com/lyVxd2LVhwUaa3lzKMR1wYz0XoSf50ZAYw2juf-f_yqXA3Fo5hzbert2b8yEHN7ACHBgHTnYOExKD80M715s0ByzxZGvNXPS64mCiQ=s120,fortune-media,2021-08-05T16:45:36.964776,https://opensea.io/collection/fortune-media,,3720,4,220,6.866666666666667,true,topCollection200.md#fortune-media
TheHeartProject,https://lh3.googleusercontent.com/Xgx0cYJjfcbZI1tNOwBwlvtrcDAIm8aAP6U5Hkf7khEKmt5L-i7FGoc83RXvW6pg-oTy4x6HKlbjCTioqbA_Yqq-LhBQe7TMDse7CQ=s120,heartnftproject,2021-09-23T22:01:27.001772,https://opensea.io/collection/heartnftproject,0.11,3704,9787,4787,1448.9670374095745,true,topCollection200.md#theheartproject
The Wanderers,https://lh3.googleusercontent.com/eb4sx9jFK9EXFjdU5JzwesKvK8wNxHC1hRn5OZ-a08X-U6pglqGHvzlqPDlzTepp7DiBURY-gIfVkNNHjBukKpWO3LNf8lFe62fiLvg=s120,the-wanderers,2021-08-12T23:41:32.147876,https://opensea.io/collection/the-wanderers,0.295,3683,8888,4383,3698.7682374552614,true,topCollection200.md#the-wanderers
The KILLAZ,https://lh3.googleusercontent.com/Y7kPiyRI39EkZz8Bhp1_-QAVyjcih5jz7x-2VBwOHnHnmoEk5DeVju_o9001FbF2sBkMwiwVUfZTLwkBosPiguNl9FZlF_XDYmTe=s120,thekillaz,2021-08-18T23:45:01.767714,https://opensea.io/collection/thekillaz,0.039,3629,9971,4209,1078.1131590243901,true,topCollection200.md#the-killaz
StackedToadz,https://lh3.googleusercontent.com/wuOw95p1lsHYKD3GhVlwszXrozPElEDWXYyz7VdhKZVlP--m_l_Gmd9C9OcjYoYJmhrUfbA5bYhJAsmZ59t0msJzNZT3HQ-o2wbh=s120,stackedtoadz,2021-10-01T22:29:04.492216,https://opensea.io/collection/stackedtoadz,0.0936,3593,2999,664,359.3520070422531,true,topCollection200.md#stackedtoadz
Party Degenerates,https://lh3.googleusercontent.com/so2WQ5_GY72dOEffETYPsjc5Z1gv35qHITyikSRdqhtxYWaXqH4mRuBmxz1m0fFe-qGCPoCLZrND3zlpTi2OWWJipln9P66vVIGr=s120,partydegenerates,2021-10-17T18:40:10.900270,https://opensea.io/collection/partydegenerates,0.29,3591,9995,4199,7693.114706504396,true,topCollection200.md#party-degenerates
Royal Society of Players,https://lh3.googleusercontent.com/pD7CaZQGBaVf-IwBi4KQdkFDlM_2bXyTgDXJCHp0Y98Ca1fNgm266WzrOCNZFT_DMs4zat7Zu8tDolatTuINQOb1jMjfhEYiXSnaoQ=s120,royalsocietyofplayers,2021-07-22T20:33:43.489339,https://opensea.io/collection/royalsocietyofplayers,0.0997,3546,9999,1624,2406.2421103448273,true,topCollection200.md#royal-society-of-players
MonsterBuds,https://lh3.googleusercontent.com/N3MrEO_o6FsckfTIRBapeDxC9IyO2nw6us4D0LbUwqOKLA6m_jfT-HTnzg_GA8xyto7FaEGNGFpXVRrS5Gubtr4v48ts2Im7vIAyRQ=s120,monsterbuds,2021-09-21T07:03:52.831424,https://opensea.io/collection/monsterbuds,0.0286,3540,11863,3447,1056.8139755813952,true,topCollection200.md#monsterbuds
PolkaPets TCG,https://lh3.googleusercontent.com/1PD-sO-BokG4bezW7UrlhW8491Blxv6j5ia5ZmAFUWTqfxNNM4f7B9mWr7mh0SuehCHnIH8rvkIA4Ug-JdS7jLlc60weamJf3Ht8MQ=s120,polkapets,2021-01-27T02:36:31.308470,https://opensea.io/collection/polkapets,0.04,3432,37,4273,5.622133333333333,true,topCollection200.md#polkapets-tcg
Sappy Seals,https://lh3.googleusercontent.com/c_wASW_EH06TmUJTAfZ9HYAx8rhKbu3SbOqpHHp0OistKOTJcPDjhSBg3S6OM3HG9ivBpVVtSnKkNJKilZQCc_8V1kTG7JQDSzmWoQ=s120,sappy-seals,2021-08-31T20:50:16.657151,https://opensea.io/collection/sappy-seals,0.135,3406,9999,4277,2217.6865276039102,true,topCollection200.md#sappy-seals
Omnimorphs,https://lh3.googleusercontent.com/S36Gqs6mWRd2EpeG3QCY6HubD0O1k_sTslOJbtnx5Lg5EWiebyBhLGJIjebNqfTGU-ALVuUY6_CwGXbc_-ZxXne6T-3pYXqpjKpk=s120,omnimorphs,2021-09-11T09:09:24.192511,https://opensea.io/collection/omnimorphs,0.036,3335,10000,4214,879.7794520547945,true,topCollection200.md#omnimorphs
Bored Mummy Waking Up,https://lh3.googleusercontent.com/KbLqxFD_JsSdyMKtabR8Mf_qrinLu9EOkL4HWhQm5bsCdlf-Nh54wBxva7_gmEnoLNFxw6OZSAgVwDBnNoO97_im2VSSsqRkyr0gTQ=s120,bored-mummy-waking-up,2021-08-08T03:19:43.684322,https://opensea.io/collection/bored-mummy-waking-up,0.1249,3301,8888,3721,1916.3072974736842,true,topCollection200.md#bored-mummy-waking-up
FoxFam,https://lh3.googleusercontent.com/ZdUz4EOKP8ItbaP0z8m6quH7s75ODBNtqYzZBJC8SE_CV4xHZMTArEQAIzcBIUYuK5uy-M4fmC_C9zSPZTpSrGh8Ypij7NiQXiYDGA=s120,foxfam,2021-10-02T15:31:26.142212,https://opensea.io/collection/foxfam,0.149,3262,10000,3052,2416.639330985916,true,topCollection200.md#foxfam
Mutant Garden Seeder,https://lh3.googleusercontent.com/mY2Hg89KV-nwuseqgRuoPlypStnzyejeLkh6vg0_UPjp1GNYv0AldnvotDwGu67zdwxmcWefUZKrnX57vb0OPK5m5CRFawAGcHZuSQ=s120,mutant-garden-seeder,2021-06-16T07:24:42.023710,https://opensea.io/collection/mutant-garden-seeder,9.0,3180,513,271,4847.849999999999,true,topCollection200.md#mutant-garden-seeder
NAH FUNGIBLE BONES,https://lh3.googleusercontent.com/faXz0s6roikhZxU2XScsxECiRnFuuWbPHBAb3mPJrIJuNNB2GPLoAhBHkaPgbwCsAd7ObywHtYQ20nicc7dpl88-Kfj_L458CMgb2Q=s120,nah-fungible-bones,2021-09-19T19:42:23.860031,https://opensea.io/collection/nah-fungible-bones,0.032,3129,10005,4905,629.65467,true,topCollection200.md#nah-fungible-bones
Crypto Cannabis Club,https://lh3.googleusercontent.com/2_6XwdevU75AWQ7MZ7NhDvCnKwt7OGyx_1eMyjTMZkGC6IFxDBgPbUU0fu5luDEXABrjb4I9pN84xdBVzF01Dn63SlT8GbXW7ENn=s120,cryptocannabisclub,2021-07-30T20:22:07.249710,https://opensea.io/collection/cryptocannabisclub,0.124,3111,10000,3822,2024.2552117021278,true,topCollection200.md#crypto-cannabis-club
ZombieToadz,https://lh3.googleusercontent.com/aM2yHZF0yNAUiIWpnr-0Nl3xm4hfikLoc8fSYWq1JawgaYfFtKtVWaHTaWlcpFmVPWMn7EY-esrDquRr86Hp3JUPzXZJ107PIpsCsg=s120,zombietoadzofficial,2021-09-26T19:55:02.146859,https://opensea.io/collection/zombietoadzofficial,0.0799,3059,5554,1699,572.4832241584159,true,topCollection200.md#zombietoadz
Bamboozlers,https://lh3.googleusercontent.com/GSmGUTC6fxXfZjyqKOJ0NoV-4xTUeG8WppFNz0qzhFjtu0wmJnJQnRGLHukPaGt__CMpx5m3soV0aUArq1INTIQaVe2oOlCfegNCPFA=s120,bamboozlers,2021-10-10T03:58:41.388395,https://opensea.io/collection/bamboozlers,,3038,10000,805,779.4285714285714,true,topCollection200.md#bamboozlers
Party Penguins,https://lh3.googleusercontent.com/2wlF4lC7DrqMlxzRWHWMql68YpZrn_dKPVx3GTUWLZOCgowIvIUCRDE96liQxEP7_cI8AWQd-q5jN82ofIJz8Gv0HeHXbC_rVI4qXGo=s120,party-penguins,2021-07-27T18:58:59.243987,https://opensea.io/collection/party-penguins,0.037,3024,9998,3416,594.8810000000001,true,topCollection200.md#party-penguins
Gauntlets,https://lh3.googleusercontent.com/F2CCKlvej5J8xiGuF-iXCU4xu7vkRq7tIQX6ZfwQ5uEbHKAJJTNoGJ6YjTbraWJJG1vG94QbydTW0TO00HhygJwI5BTv-N9lTmuW9A=s120,gauntlets,2021-08-15T17:02:34.617386,https://opensea.io/collection/gauntlets,0.147,2959,10000,3610,3992.8113207547167,true,topCollection200.md#gauntlets
Fatales,https://lh3.googleusercontent.com/PyK5eFdzH8SMwlVenCbwFV6lsEf5iYsAgS5InxpmxE4fl4NeHxMcAyVRV_DM7OkPASOqkxl3oTRDrY5tIIM14pO43dd-gFq__4t1M4U=s120,fatales,2021-08-30T23:35:03.923611,https://opensea.io/collection/fatales,0.025,2958,10000,3606,753.2058823529412,true,topCollection200.md#fatales
Ether Cards Founder,https://lh3.googleusercontent.com/4FIttWHpHHSf7chJgYF4S46SO4xoCFUx7tWLiheieuquYwc0_bWq9aRsR52D2PWFDRWlP8JAV5HJ9_xwRjXVcKQRicFjo1ge8MxDCA=s120,ether-cards-founder,2021-03-17T19:41:02.933367,https://opensea.io/collection/ether-cards-founder,,2899,10000,1569,6301.707843137256,true,topCollection200.md#ether-cards-founder
Claylings,https://lh3.googleusercontent.com/z1aET_7ouxzoiygPvJn5IwnWkK4nIxssPsf6pQvwPPWgt9jp1i8z4GHD_J2FTqiS52L4Of-J22mhvL-SbihRx0eFeu79ZA2phIYnJA=s120,theclaylings,2021-09-18T18:16:44.248278,https://opensea.io/collection/theclaylings,0.11,2890,4040,2147,862.5171320754717,true,topCollection200.md#claylings
OnChainMonkey,https://lh3.googleusercontent.com/DiZDS55tz4x8hmupgiNQxHHq1kuts0n83RNwpytSpNJ90IKyNxRzDLMVPtCQOBd5IlEjE5nlvwXISh065KHXfOS7F5tS-Dvdh-dTMis=s120,onchainmonkey,2021-09-11T22:46:46.944520,https://opensea.io/collection/onchainmonkey,0.34,2870,9500,2905,4150.030452013604,true,topCollection200.md#onchainmonkey
HalloweenBears,https://lh3.googleusercontent.com/L6kw5mCsBs3iXQ9noufMDh4VBmrig73VyguCLkz6T-mc6MbqOMs8MeNpTSg71IBqkjWoYZpYagNQM2yn2yqGOtFRd7FW6-2yWkAk3H4=s120,halloweenbears,2021-10-12T00:22:55.251182,https://opensea.io/collection/halloweenbears,0.12,2852,10000,2851,1372.6163159794526,true,topCollection200.md#halloweenbears
Waifusion,https://lh3.googleusercontent.com/TrltscwBLgNJMM_jgHDU9f1GMR5xEfvC2SNwyqest2_3yN6icrtWQIvQTJRTA1WyGKP3qkOskrHMGyKDiXclLC0BWTB77mD0BWQ5xg=s120,waifusion,2021-03-01T18:55:13.879131,https://opensea.io/collection/waifusion,0.055,2836,16385,1867,2674.85125,true,topCollection200.md#waifusion
Generativemasks,https://lh3.googleusercontent.com/6_c9r0Tu7gz9gUk7Hr-RDsU9xKvzWoYBcHCFe5nqlukUXdeQykXm4SZXV250vrl-j-PaaNtpC-codkgCFAKXWNaKktURfnDzgLoVqQ=s120,generativemasks,2021-08-12T03:02:13.389615,https://opensea.io/collection/generativemasks,0.068,2831,9999,3593,1048.99509,true,topCollection200.md#generativemasks
The 140 Collection by Twitter,https://lh3.googleusercontent.com/H3h0VnG9Ejh6lA4ZDKhfSmVMvfVEk4CBkshSavo4aN24POglK_g-zrk9YhkrkoKPtCThrOg832EOqnoeTcpSFZ_i6L-kvHZq-aMZCJk=s120,the-140-collection,2021-06-29T22:16:03.575069,https://opensea.io/collection/the-140-collection,,2815,7,102,0,true,topCollection200.md#the-140-collection-by-twitter
Nifty League DEGENs,https://lh3.googleusercontent.com/eJhIV33weRWP-pYJq9GUQtccP5WYtRWCuZKfzqX3HiclTx_3YOrCQ3nR34LPK3YpU49ezSXRdaCV4VyG53FXIa0aJyo1YkDQTYGLGw=s120,niftydegen,2021-09-22T09:49:36.205865,https://opensea.io/collection/niftydegen,0.39,2813,9900,4176,3881.453537772869,true,topCollection200.md#nifty-league-degens
Rogue Society Bots,https://lh3.googleusercontent.com/j3gz6yeLV6guQnCxFi1VtbrX54Tl4tivShxIxTj0s1Joee2I7fJ5zzywjnlp9zWNevgBeXE1HfntiDtGTl0e5seSB4ohpy3KEKoqXA=s120,roguesocietybot,2021-09-03T17:47:22.843294,https://opensea.io/collection/roguesocietybot,0.018,2809,15777,6860,884.327720203125,true,topCollection200.md#rogue-society-bots
Crypto.Chicks,https://lh3.googleusercontent.com/4Cvoke4noIRasGWubMZYdaA8FwwEtxfQyNDzlskiLi76j1Rr9ouR5ZWSqR5O6qsV8F4bFWInwa_3MZcJNB0xn7LR36CtjCOYp1-cEQ=s120,the-crypto-chicks,2021-09-19T23:28:05.624840,https://opensea.io/collection/the-crypto-chicks,0.0899,2780,9999,3357,1300.0798555555557,true,topCollection200.md#crypto.chicks
Axolittles,https://lh3.googleusercontent.com/4XS5eZoT650ZUZSmJAqA5Tw6BIeZevkvZEdb1kPiB80J17GhgYclqrMVGFTnFWkI5svRElDgaPhCUVPNzg-0hbnnAU2TKsunhtVtYw=s120,axolittles,2021-09-06T09:51:20.558134,https://opensea.io/collection/axolittles,0.0749,2760,9999,4344,1387.0191789473683,true,topCollection200.md#axolittles
Goons of Balatroon,https://lh3.googleusercontent.com/B3Q-ki2HbkPNoX2Y3RvEoNS9IFQTehVRq7v0w2qBcPMwygtWkhmhY7r-MmmO-c4ss4mpk9YF0Aor5yuYOViIFbDxuL7Hr4PZxn0cQA=s120,goonsofbalatroon,2021-08-09T07:12:57.721748,https://opensea.io/collection/goonsofbalatroon,0.105,2757,9696,3471,1768.5492592941177,true,topCollection200.md#goons-of-balatroon
NFT Siblings,https://lh3.googleusercontent.com/TVmRo4_yVDKVcY1CBVHB5Jtp2c9697T4mjKne1aoEXdB35jeKqkMlOPaqKX9VlHg2wwqA0kPtoUheARFLRRZDV1d7OCKjV0RaESWNw=s120,nftsiblings,2021-08-12T19:42:34.339454,https://opensea.io/collection/nftsiblings,0.109,2756,10100,2396,1549.8367213114755,true,topCollection200.md#nft-siblings
Cypher by Hideki Tsukamoto,https://lh3.googleusercontent.com/w4aZjvr6dpPfkSqSZjiYodI_zFawDfu4e3SnqK27_t9EPp7KXPcPhCSrhMjLprJxPP8CRopj_PIr0z-J5H5ImimJxidRmxkBppiU=s120,ht-cypher,2021-08-14T22:19:35.145219,https://opensea.io/collection/ht-cypher,1.3365,2753,1024,553,1208.32,true,topCollection200.md#cypher-by-hideki-tsukamoto
CryptoZoo.co,https://lh3.googleusercontent.com/4I3_hNwRuaaH_mDcG89hDdMOt1mV3GzTCKHhyp5WbSqJ-UeirGwpnLikGv8lcsTzWVqiFipeGViXsMxaGsEdAvmHIWgLxkzc03eJkw=s120,cryptozoo-co,2021-09-03T23:06:38.267378,https://opensea.io/collection/cryptozoo-co,0.35,2746,4160,1748,1362.8746857142858,true,topCollection200.md#cryptozoo.co
Woodies Mint Passport,https://lh3.googleusercontent.com/N-fAM0u4qa-17rbP_1-MGD04NmBWpsbtNiTdXnSjTVpa7jjrJHHMTmxc9-0r4rSo5xXPm6EU39bI3cx78jyXyMre8sXAEiEQVCOW=s120,woodies-mint-passport,2021-09-17T16:19:16.049956,https://opensea.io/collection/woodies-mint-passport,,2737,3,1689,0.7694218965517241,true,topCollection200.md#woodies-mint-passport
CreatureToadz,https://lh3.googleusercontent.com/wvlGZLaD6Pl1FozAi0ih4wkMW9vn_72VDrfvZk3h48kNSOdY-CynzrWRHJfuBS7CTi0wGc_sxr9kp-_DWbhpGzmaAX7ZQLtXjJ5-8g=s120,creaturetoadz,2021-10-21T14:12:38.947497,https://opensea.io/collection/creaturetoadz,0.0899,2715,8888,5706,2880.205289338025,true,topCollection200.md#creaturetoadz
Space Poggers,https://lh3.googleusercontent.com/zGVoMLgWpZV2ItUHF7_wxIHTQNykbEafS9WhNqLAlTe_R6MQ2-OmJDbYeTiG8SEU7oV7XC0wzWDzhN9ylo0S2stOA5gQsoESEBuqBg=s120,spacepoggers,2021-08-08T09:59:27.547256,https://opensea.io/collection/spacepoggers,0.034,2671,12441,3319,1988.6938499999999,true,topCollection200.md#space-poggers
BEEPLE - THE 5000 DAYS COLLECTION,https://lh3.googleusercontent.com/70lSl0rSb8dliLWlOJ9Iaay99yezabU46kTSNOopaw-nZTU2PFfJEwLquxcnkQGlSUkYMS2IZ5uy_gra_EKF1W1hs4PaAvvDngbCOw=s120,beeple-5000,2021-02-26T16:23:21.080553,https://opensea.io/collection/beeple-5000,20.0,2649,119,105,0,true,topCollection200.md#beeple---the-5000-days-collection
The Project URS,https://lh3.googleusercontent.com/Ddt7IduokA4JAx1J6albWjg4MSA0a5VADpQho8B-hlaRFX_EgvaztzU7IVcbMCnSWmWzm1YfEwxViUKeI9kmrGM6_a9AXuSZ1nUwAw=s120,theprojecturs,2021-09-10T16:45:00.432192,https://opensea.io/collection/theprojecturs,0.045,2637,9982,3711,750.2354743333334,true,topCollection200.md#the-project-urs
Bullrun Babes,https://lh3.googleusercontent.com/OJn7VVUzgPYKox05mGgyuV13ssnYEEduqpgGmWjJXvAhcXzYjAi-stMhFE8wjf7PzQIVyNGGy23tIrwWe8FE_Wlfkn3uB3JuOje_US8=s120,bullrunbabestoken,2021-02-16T04:40:19.656652,https://opensea.io/collection/bullrunbabestoken,0.018,2615,2749,916,192.43,true,topCollection200.md#bullrun-babes
Ready Player Cat NFT,https://lh3.googleusercontent.com/CKnfM8FTn_30ZWM-QoO19HPfYa8KYQrYhojjNr-RyKDm-HOxiRCICg1RgvFRwZjE6RXO7WhAnICgcXOhkWYHghAwPKIEuL3iCUT9JIQ=s120,ready-player-cat-nft,2021-08-08T15:35:22.684953,https://opensea.io/collection/ready-player-cat-nft,0.09,2606,4949,1813,954.76815,true,topCollection200.md#ready-player-cat-nft
FameLadySquad,https://lh3.googleusercontent.com/uj2Wod0PLHgno51EggCbx56GdFTL-_TkAhWdifApD7hNKGni9tUNFYncf98gUGWcuCplEksHxapqT-dYzfS0emYs9ffTh1h3ybcyl7M=s120,fameladysquad,2021-07-12T14:41:27.580700,https://opensea.io/collection/fameladysquad,0.07975,2585,8888,3490,1005.3689791668467,true,topCollection200.md#fameladysquad
Revenants by Alethea AI,https://lh3.googleusercontent.com/0LsJSNxzhiXQ-8TqwrMEJZuLgQnDTEweihqp32L_dXpkywpCIK4o8Fgs9JZDduK1Oj5Ek_xlBqd5lMIJoxSnWRi-GaknxnHINmy2H7Y=s120,revenants-by-alethea-ai,2021-10-12T20:18:45.535521,https://opensea.io/collection/revenants-by-alethea-ai,74.0,2564,100,68,4250,true,topCollection200.md#revenants-by-alethea-ai
CryptoHoots Steampunk Parliament,https://lh3.googleusercontent.com/0br8mXPTO9ruxqeIXl1wxuwViF6v4-gJVUtnEjgeYWZi0hIGcboE9LYZ4r-JEkfeY9Jgks_ZCge5h1ogDM9QA3tv0FYR0sJcWWXD9w=s120,cryptohoots-steampunk-parliament,2021-09-28T17:04:28.686941,https://opensea.io/collection/cryptohoots-steampunk-parliament,0.82,2534,2500,929,2060.973913043478,true,collections24.md#cryptohoots-steampunk-parliament
Chubbies,https://lh3.googleusercontent.com/DBD8vFv2QZ-ZrJ4jKH2lVwrJxiw4qFw2ntwmT6Ly_MrXoc4HLjZleHprxpfSCPX6_Sw7h-rIFVJ8zluRKqWtFnbvk04NU8nUsxUHdg=s120,chubbies,2021-03-18T07:39:20.389370,https://opensea.io/collection/chubbies,0.04,2522,9999,2776,914.4502125,true,collections24.md#chubbies
Doge Pound Puppies,https://lh3.googleusercontent.com/41WE5Jszkq_l97zeIPdvBZb0l_558xGQnI04kVqQib5bgSOJkrtGlfcWiojfI5VFTBpfg0-u2bhojgP9FKMIcQ4IPf8Ky5wsr2pI=s120,doge-pound-puppies-real,2021-09-01T22:01:03.937600,https://opensea.io/collection/doge-pound-puppies-real,0.52,2514,8033,4549,5962.53341266902,true,collections24.md#doge-pound-puppies
Crazy Lizard Army,https://lh3.googleusercontent.com/Qg1YzUN_XOtHrX_MnilRbm29CTA-oNscS9dkVbSGKrzoxHImq5lOrON7H-COBqekKo7ZDENj-8y2Gp7bXxJkhEwid_XiI-9LgTDBzg=s120,crazy-lizard-army,2021-07-27T15:54:22.423673,https://opensea.io/collection/crazy-lizard-army,0.0399,2514,6283,1871,2011.886411111111,true,collections24.md#crazy-lizard-army
Mars Cats Voyage,https://lh3.googleusercontent.com/go2qGVOOUotHPWyp7wSyZNybX84W88hDKhYUkvf83w3XCbICdcFprtM8pzX1glvGjZBE9VghYZyA7KXFYKy_Lgs1YlQ5cp1koPoqeA=s120,marscatsvoyage,2021-09-11T13:08:20.701212,https://opensea.io/collection/marscatsvoyage,0.089,2513,10000,3318,1392.4466019417475,true,collections24.md#mars-cats-voyage
0xVampire Project,https://lh3.googleusercontent.com/maqLJ6NcgcWwt6rJJXc1TrpRlAdgpotps_brYSzxCu1lxS93u2aOFQ1ybjpzdpRA2i6dweybVMy-shIhfGCpJypfztMuObN37Nl4=s120,0xvampire-project,2021-09-15T02:23:41.842633,https://opensea.io/collection/0xvampire-project,0.025,2494,9860,4265,793.4999333333333,true,collections24.md#0xvampire-project
HeavenComputer,https://lh3.googleusercontent.com/V2OhcyCZgsU8EzLc7tbreU12jRFa3R3XIcmDgZQ-10iej-KBucLC3DgCIr8sQQmOHwtzl1DNqCuFuBmViPiF2SSkFVkDrF7fqvaVdg=s120,heavencomputer,2021-08-15T23:24:44.019113,https://opensea.io/collection/heavencomputer,0.06,2477,7777,2931,557.6109,true,collections24.md#heavencomputer
Purrnelopes Country Club,https://lh3.googleusercontent.com/5yYsbRGh47Mnml9Fxca7TLJL6jtqTEIrgkGYwxBs2Cn4zam3EsVHJCakLcJ2riWbH6xax9bbgYA_mjqcSj0X5PEY-OXAUHY98m3Jdw=s120,purrnelopes-country-club,2021-07-17T20:00:40.317565,https://opensea.io/collection/purrnelopes-country-club,0.33,2455,10000,3007,4149.266666666667,true,collections24.md#purrnelopes-country-club
Boss Beauties,https://lh3.googleusercontent.com/pSvJC9PfgSxXROesWTc2SACmMT598Vuv0g5kURR7o-0wkdhkRQKIw__fghIs-zhL-Ja-qOzI7_twdyglU75FOIksxpuuEhh4-fVDEK8=s120,bossbeauties,2021-09-24T22:33:42.199023,https://opensea.io/collection/bossbeauties,0.089,2439,10000,4029,1977.0365853658536,true,collections24.md#boss-beauties
NFT Worlds (nftworlds.com),https://lh3.googleusercontent.com/DIafQlRW63pQ8UJqmdQBBOHZcubAE9rAkbovVx_WU_-TmIg3hF7z0y60gUGvah85_uYVgBxmhNfWUXwajaUmYZsrCPp8ZdYE0Z-wrt0=s120,nft-worlds,2021-10-06T04:57:55.922255,https://opensea.io/collection/nft-worlds,0.16,2438,10000,5117,2861.1358112182575,true,collections24.md#nft-worlds-(nftworlds.com)
Obits Official,https://lh3.googleusercontent.com/Lerkj-waM_kd-iwSTcj8ur75wG0JjZraYNXzkfmRw5FgTMa2EmRGROQxtoD_R0lOj0kP8wwk85AVsys0fPRFypimE1xAU36U7KZ_0Q=s120,obitsofficial,2021-09-27T19:03:14.339341,https://opensea.io/collection/obitsofficial,0.1,2405,7132,3031,1721.1021984549357,true,collections24.md#obits-official
Brotchain,https://lh3.googleusercontent.com/94UUt89IKyW9isVCNsoQKmTsm5TSkUB-99-aTPY-NhN8tXwR3qbUXdsd00hyErRwBDHmzJn48Jh1JSnInmaF0DTomhU0O7-SVXXe=s120,brotchain,2021-08-21T12:44:09.141394,https://opensea.io/collection/brotchain,,2376,506,353,1632.0339999999999,true,collections24.md#brotchain
Neo Tokyo Part 2 Vault Cards,https://lh3.googleusercontent.com/fmy3rZQgswpkd5TV3QWl66JG3SvIPGhWDtHr3dKKi15EAUb96k-lKFsi0amKXyJv9Lh7xnDBHG0Btq--bIorfDfL0dJ39RVQYofU=s120,neo-tokyo-part-2-vault-cards,2021-10-16T15:03:53.111331,https://opensea.io/collection/neo-tokyo-part-2-vault-cards,7.5,2367,2500,2157,23948.61691059146,true,collections24.md#neo-tokyo-part-2-vault-cards
Sad Frogs District,https://lh3.googleusercontent.com/o8ap7l9W8lRoUMHdqs-4Ld76PEVnnbFWEC1IL3NQgva37fXK2lWjaRzw67IhZUJ9_FiHoSC1K-0eLNwo5JdGrMNQDTeLR6hKlwg9hxU=s120,sad-frogs-district,2021-08-09T17:29:33.186390,https://opensea.io/collection/sad-frogs-district,0.009,2319,6993,2127,122.3775,true,collections24.md#sad-frogs-district
Crypto Hobos,https://lh3.googleusercontent.com/VLkOkaJ9QuVwHahQqHUrI5ZDVEqNBLCK_xEnMv4rBZ7kciwtlj_klhcwmvi5mM77hn5uSS10uVZH_9uNjkwpshppFhmNFc3a-r3YMuI=s120,crypto-hobos,2021-09-19T21:48:59.898680,https://opensea.io/collection/crypto-hobos,0.04,2317,7981,3115,996.1884200000001,true,collections24.md#crypto-hobos
Chill Frogs NFT,https://lh3.googleusercontent.com/uloW1vjC1r-cCyJ1wEHkj_hmpiYDw9XfOTYQNoWrvmxIYQIId6y077mQBM3ew_nAfhalxnFVmqCt8odRjUIqyICjOKe7WR9aKans=s120,chill-frogs,2021-08-23T15:30:52.263544,https://opensea.io/collection/chill-frogs,0.125,2284,6000,2484,1284.2380487804878,true,collections24.md#chill-frogs-nft
Wrapped Strikers,https://lh3.googleusercontent.com/XDCwhjzXKj9e8eKtBj5BvO73G30vAoLBFS52wt84ak__sbJCI2FKB673mgWmJrrNkcIN2bVxZBAcURjaTbXqDSk1V0cKn6_Ywl9mHQ=s120,wrapped-strikers,2021-06-27T17:24:29.614207,https://opensea.io/collection/wrapped-strikers,0.1269,2270,3274,771,3271.2716666666665,true,collections24.md#wrapped-strikers
EulerBeats Genesis,https://lh3.googleusercontent.com/r-O1VIujQxmtqT9jKeun3jXwvuHyWjNJopRiYYWkHzSHQoiVPTPi1vkZqhhY5WGPe35U6HDM7gf6XZ20myxJ8MMvuNW5L0D8bqv_=s120,eulerbeats,2021-02-15T17:57:16.346093,https://opensea.io/collection/eulerbeats,1.6,2205,54,503,56.6973,true,collections24.md#eulerbeats-genesis
VOID - Visitors of Imma Degen,https://lh3.googleusercontent.com/ykrl73bgMzN8pfYhpTf2g2ayRHBQ-8Ga8pQyjSk06QUXk2DArZhkOfl-dIf3S2PjofZ4i5igYtp4pXJDZFomLSMphwf6Jdbsoj0NoA=s120,visitors-of-imma-degen,2021-07-02T16:34:57.837070,https://opensea.io/collection/visitors-of-imma-degen,0.078,2186,9999,2591,1349.64478845467,true,collections24.md#void---visitors-of-imma-degen
Pulsquares by Arihz,https://lh3.googleusercontent.com/xxj91bWuZtTnnFG0jd68qyES40-92qUQb7Egu8ue2ezDuUC8aWXPodgMxjODra0ea98smBZzAjDt4dW6wbg1m4o2rIFUU7uw41oTEQ=s120,pulsquares,2021-05-14T00:54:48.361338,https://opensea.io/collection/pulsquares,,2158,473,162,1731.18,true,collections24.md#pulsquares-by-arihz
GOATz,https://lh3.googleusercontent.com/PNhM3guU1avuFnI1r39kG8uzxCWV2SneyJ6YEk2VbyPju5rvCaerfICixQpVG0gi4Is4d8bnhVLIpgMg8k2ph43Z0MLYl4MefpD2qA=s120,maisondegoat,2021-07-08T21:58:02.244433,https://opensea.io/collection/maisondegoat,,2136,7973,2851,1564.0971016626308,true,collections24.md#goatz
Colorglyphs,https://lh3.googleusercontent.com/_qVcbehSf6EsqnxpFhXyCm6R1X38AOBfhbq3-y3wZjooZGb9qEXYt177QMNfCqnq0LW9nOvUNSOyBQNfVihyySOIbg=s60,colorglyphs,2019-12-11T17:36:55.841986,https://opensea.io/collection/colorglyphs,,2127,520,150,0,true,collections24.md#colorglyphs
BYOPills,https://lh3.googleusercontent.com/zhCC9jZrj9037Ex59PZBS1ABu8wAhWc-K-VkaTN5QRM2lfi-8e2e93VJvXO6iXZlbGzxpNQ4TRAK9aNrN61E8wp5C7zA5qjWyozm3w=s120,byopills,2021-07-16T12:06:51.781899,https://opensea.io/collection/byopills,0.179,2100,9997,3494,3575.1193774491735,true,collections24.md#byopills
JunkYardDogs,https://lh3.googleusercontent.com/Ftir8Jf63amGLOQtKV8igHT9in4ve5hDano0D1XlxMA89Hoj9ofQa9r1kn5VhQWYjLFzkK5KQ4nrU1prLfLm5pBXcD8Ob8uOi1u0uig=s120,junkyarddogs,2021-08-09T23:03:37.696920,https://opensea.io/collection/junkyarddogs,0.04,2091,7976,3326,692.6342448,true,collections24.md#junkyarddogs
SympathyForTheDevils,https://lh3.googleusercontent.com/YYDM26Oyjk11vCXVqFuvtRIuqQq4TVwQ47DUAc7mOGXEQiajTl1YAEx1vwBploXI_AbFg7K34fEWshTeRf0J7WJNYroE86hocxJF75I=s120,sympathyforthedevils,2021-08-14T12:11:37.376767,https://opensea.io/collection/sympathyforthedevils,0.053,2080,5819,2730,752.606184,true,collections24.md#sympathyforthedevils
Town Star,https://lh3.googleusercontent.com/wp7V1K4Ezhi8yHU6LFpff-GMsjend65nRiwNz5pGAjCwk7ybznEpfUvXiIxQoOWBmeN00AGjVTRhLUqY4fee1fus=s120,town-star,2020-07-07T04:21:17.383133,https://opensea.io/collection/town-star,0.00006033,2070,282,20358,92.60087739731486,true,collections24.md#town-star
RTFKT x JeffStaple,https://lh3.googleusercontent.com/GI7544nzneZOLVmngy8gSJYhrLSnPdpfryTw20APrXhVXt3JbqnrHca42YJWlfq9DuDGcQF0SFzj4SyhnSpg19Uj0ABM1pLfJ5_4nA=s120,rtfkt-x-jeffstaple,2021-05-06T19:00:39.488026,https://opensea.io/collection/rtfkt-x-jeffstaple,13.9,2064,802,510,12190.4,true,collections24.md#rtfkt-x-jeffstaple
KingFrogs,https://lh3.googleusercontent.com/uBwep3oU7wIZ2PX7e_b_ArkG_la9X41qc3_1FYG0tepeyL-RWHgcOmTI2_IJ9mfuVyiOlerpgs4mfin-rBfQG_6LcmKtsCiOyzu-oQ=s120,kingfrogs,2021-09-30T07:46:25.077709,https://opensea.io/collection/kingfrogs,0.087,2064,17999,5301,3017.519145229082,true,collections24.md#kingfrogs
The Alien Boy,https://lh3.googleusercontent.com/mnNWlPXlDTp8N1JP2kiCrTy-w0lGU0S1AX5sMm0ZhWjSTpIh4RTwXERNjz83aKI1uKjyqf8yZJlsId6TeUgvJRhwaWScJPdWZSlISJc=s120,thealienboy,2021-06-12T15:25:08.677741,https://opensea.io/collection/thealienboy,0.059,2052,10000,3607,837.8000000000001,true,collections24.md#the-alien-boy
Solvency by Ezra Miller,https://lh3.googleusercontent.com/rTiCrE1Dg_jcsVY4vdBHFxSt1j63mW0a9nio4EbUZquk4YAPcwyfBYYELlR3mXqqIZmkzlxbpJIT6nb9zuVAF84Z_H9UnzgoUTRTTw=s120,solvency-by-ezra-miller,2021-04-19T20:55:09.883020,https://opensea.io/collection/solvency-by-ezra-miller,7.5,2042,500,251,4000,true,collections24.md#solvency-by-ezra-miller
OG:Crystals,https://lh3.googleusercontent.com/PaM_tFDNK4SBoo73VtX2mjqtb5pG1jbcioMW2CUntcFbY8aA1l1vhAKOn7jYlykkuk7JLCZFvPo7vbiN7xotzQUYab18i4tl1Wk3_A=s120,og-crystals,2021-10-14T02:47:29.060220,https://opensea.io/collection/og-crystals,0.09,2032,10301,3768,1877.9210177743971,true,collections24.md#og:crystals
Crypto Pills by Micha Klein,https://lh3.googleusercontent.com/EOx2w7rjI04F2TsPhw_1gzA0TyM-Ssrn18wwZhb8-71jLfJIBYAvlv2bltEZWPV8sIsPACGGmtK6bmIDOWLUEdJ2H0Opm5G9n9OC-Q=s120,crypto-pills-by-micha-klein,2021-08-26T23:26:26.528620,https://opensea.io/collection/crypto-pills-by-micha-klein,0.1,2032,9999,2229,1354.2696053925026,true,collections24.md#crypto-pills-by-micha-klein
Chiptos,https://lh3.googleusercontent.com/TtBoKb-Qp6exyyOJr8IFE3vn28L10qdR2qnyL0o4laF1yeenlIXOBHY7aF_4QwNzdTY781XjWtSk2RsH6gqbXUvlgTtc1G9oBE2T=s120,chiptos,2021-08-20T20:48:51.933942,https://opensea.io/collection/chiptos,,2031,512,290,510.7712,true,collections24.md#chiptos
MegaCryptoPolis,https://lh3.googleusercontent.com/OBW6ndpdiJuU1ZW_N1WsF60c1Q-6TANtp33VS8HVyCvz-yvh3CUTDhNBG0PLcQXAhxg33fsBXB1DXS-uU7X1H9uxng=s60,megacryptopolis,2019-06-25T03:52:24.508387,https://opensea.io/collection/megacryptopolis,0.0,2026,89474,23871,4066.096222222222,true,collections24.md#megacryptopolis
EulerBeats Enigma,https://lh3.googleusercontent.com/wGLWEIFEO5GANc93z7yJMajxLnvvkfSsVg3M0evrd-eCnmiK2dyQnBIXaiTn0ImATw4-2WKyTWm79g9F4MUO9eewF4WiXeMJXTnL=s120,eulerbeats-enigma,2021-03-24T20:05:52.728728,https://opensea.io/collection/eulerbeats-enigma,,2010,54,125,93.96,true,collections24.md#eulerbeats-enigma
Brave Frontier Heroes,https://lh3.googleusercontent.com/Kh5NpTBiX68DE1pQyvqUGQqmDl3Iw0Duv7LKia4uzd2wRLifYr3pbFZQkHmJvvfGs3I1fre27tR1Q0uEzSYGehjL=s60,brave-frontier-heroes,2020-01-17T08:53:54.660191,https://opensea.io/collection/brave-frontier-heroes,,2007,17030,1955,62.25351739265797,true,collections24.md#brave-frontier-heroes
uwucrew,https://lh3.googleusercontent.com/FR1N73TF3BrTeVkGTsl_49ceqi42oUuJV7B5n8VnPZSHBk7K2jkopQgQa7nKBwVHmUYkJvQ1q_2qUqcQVxMYKeyZ5yhBJ-XbaVqS=s120,uwucrew,2021-09-04T23:43:42.356883,https://opensea.io/collection/uwucrew,0.0729,1995,9670,2617,1478.180375,true,collections24.md#uwucrew
Ethermon,https://lh3.googleusercontent.com/u485S1UVF8xufP54ZtynanKbb0KnPllKJQDjg8JESNS7tRYhMEMXkS2Ss7PcxVlh5PT9VlhYsYIJvGMIdy3PcfFazsfGxjCarTCW52U=s120,ethermon,2019-04-26T22:13:09.153813,https://opensea.io/collection/ethermon,0.0001,1994,289783,62962,783.9724462098194,true,collections24.md#ethermon
CryptoBeasts,https://lh3.googleusercontent.com/qIKuVB26U6O5M9EmNZ8jCpH9FzJLEzHcXpLi8NHVx1XYzjISW1AC0EbGJtnQo38_O6415y0Rx0sfzw90lcZsHxbkWVY9mlYF_YJuuA=s120,cryptobeasts-official,2021-06-29T02:45:37.584500,https://opensea.io/collection/cryptobeasts-official,0.035,1970,9500,2633,2438.65,true,collections24.md#cryptobeasts
ChainGuardians,https://lh3.googleusercontent.com/aSW4aRbh6eDU6XZ02Ekom5rbpxlJ5iJf_lXWTjzVbW_5Dm8UzbL4O8aPAD2tzGQxAT1EBbB-Q74TWAAAZ1CG8gjC=s60,chainguardians,2019-07-07T12:27:27.779881,https://opensea.io/collection/chainguardians,,1945,2617,836,1128.1232750000001,true,collections24.md#chainguardians
ALPACADABRAZ,https://lh3.googleusercontent.com/3Lp0Vst9cxJ5YxY5hk5AFNyonTLpHEQMsVo_7pvyBnmxq9f4vn3K1W9eJYH-QuEuOoQQ3zm9yLWAluHZst2xse_CLP1XmOuFEcVD=s120,alpacadabraz,2021-10-22T02:45:57.537932,https://opensea.io/collection/alpacadabraz,0.116,1916,9669,3060,2298.5994757662165,true,collections24.md#alpacadabraz
Borpacasso,https://lh3.googleusercontent.com/IVnu5HJoa7buI1gmbFe_XVAClsJ-iyZ5XYy_ndHAAAxH6OkBfEUL_VADGBvFH7_CcczqjRA3dUnGZuombhsvdG2A1yuFVnD9kpSLLA=s120,borpacasso,2021-09-10T21:08:12.959350,https://opensea.io/collection/borpacasso,0.1188,1914,2250,1207,330.1714285714285,true,collections24.md#borpacasso
Paladin Pandas,https://lh3.googleusercontent.com/UyW8UFGp5PNDo61DS0KV8aofKmzNM-ETwGIzXGO7Zr6IlHdk8KzM3UADGXrtg1T-YqDEujWW3-KApmKAUJcFvTj1UyfQJc7xFUMAvy8=s120,paladin-pandas,2021-09-01T03:17:49.372109,https://opensea.io/collection/paladin-pandas,0.085,1904,9849,3020,1431.13943,true,collections24.md#paladin-pandas
unicornsmoved,https://lh3.googleusercontent.com/ss81aNT6JubdYDkgLg3mHh8uD9KkC-11BRXwHPXITe8Dh3YlpHTgpVEh68ExA926U8d9ggUyjN1tCLJmmS_t6TKgBoUzmgV1QNhLXw=s120,unicornsmoved,2021-09-12T14:04:13.521630,https://opensea.io/collection/unicornsmoved,0.0,1878,6900,2411,0,true,collections24.md#unicornsmoved
FusionApes,https://lh3.googleusercontent.com/ZhMktOA92rnOth7TlcUUW0jUFKCfx_x6xaOssvaoeK0Ua-Mesk_nKHIF7XZeTeU59VhO2dUqbuSBcfvZfy8HJTo17nQwao0X3Okr=s120,fusionape,2021-09-01T19:38:08.555284,https://opensea.io/collection/fusionape,,1857,4201,1747,896.560616,true,collections24.md#fusionapes
RTFKT BONUS ITEMS,https://lh3.googleusercontent.com/GI7544nzneZOLVmngy8gSJYhrLSnPdpfryTw20APrXhVXt3JbqnrHca42YJWlfq9DuDGcQF0SFzj4SyhnSpg19Uj0ABM1pLfJ5_4nA=s120,rtfkt-bonus-items,2021-05-06T02:24:44.517934,https://opensea.io/collection/rtfkt-bonus-items,,1857,24,391,295.12,true,collections24.md#rtfkt-bonus-items
CryptoSpells,https://lh3.googleusercontent.com/EIgORkkPVnFsQ2xKHiS9M3tIDK3SbYYzEHCqubsqkqqe4Q-M_LP7SdHUxyBU5JcfclZIE-JtNzlE01SMmbFZrEo=s60,cryptospells,2019-06-14T09:46:40.613850,https://opensea.io/collection/cryptospells,0.02,1856,17921,1519,1731.6806285714285,true,collections24.md#cryptospells
Fly Frogs,https://lh3.googleusercontent.com/B_45BQX-sZMU2Harg8TwFkofoNreslFI5wHaE3P_uzqSGZOQWRIzUX8FpDeQLFVNC_mtBp5PO5AMeuizBiRqIAhehC7YmIb0hW3UuA=s120,fly-frogs,2021-09-03T07:10:44.640367,https://opensea.io/collection/fly-frogs,0.0275,1856,9999,3940,611.3436214285714,true,collections24.md#fly-frogs
Jadu Jetpack,https://lh3.googleusercontent.com/botVMBI7k_SDUtWg4GspMu-06KnwbVJlCNYKFm_N3OFRQguAMBRS7YKDoRWiI_GRflpxBcKDX_c-iuTA8HHwLcYVOZMx6Ygjwnx0ls0=s120,jadu-jetpack,2021-09-16T18:00:47.521467,https://opensea.io/collection/jadu-jetpack,2.6334,1810,1111,690,2834.1239666666665,true,collections24.md#jadu-jetpack
